id,kyungdo,wedo,name
1,126.958049,37.507126,CAU UNIV
2,126.963532,37.508871,HeukSeok Subway
3,126.94782,37.50294,Sangdo Subway
4,126.95739,37.496335,Soongsil UNIV
5,126.939065,37.504847,JangSeongBaegi Subway
6,126.9500243,37.5134202,Nodle Subway
7,126.9546069,37.5049373,HeukSeok Park
8,126.9517723,37.5084392,Noryangjin Park
9,126.9394813,37.5140762,Noryangjin Subway
10,126.9389692,37.5116501,Dongjag-gu Office
